{
    "Item": {
        "requirements": {
            "path": "system.requirements"
        },
        "effects": {
            "path": "effects",
            "converter": "effects"
        },
        "advancement": {
            "path": "system.advancement",
            "converter": "advancement"
        },
        "materials": {
            "path": "system.materials",
            "converter": "materials"
        },
        "activities": {
            "path": "system.activities",
            "converter": "activities"
        }
    },
    "Actor": {
        "traits": {
            "path": "system.traits"
        },
        "details": {
            "path": "system.details"
        },
        "name": {
            "path": "name",
            "converter": "dynamicname"
        }
    }
}