{
    "Item": {
        "effects": {
            "path": "effects",
            "converter": "effects"
        },
        "advancement": {
            "path": "system.advancement",
            "converter": "advancement"
        },
        "materials": {
            "path": "system.materials",
            "converter": "materials"
        }
    },
    "Actor": {
        "traits": {
            "path": "system.traits"
        },
        "details": {
            "path": "system.details"
        }
    }
}