{
    "target": {
        "path": "system.target",
        "converter": "target"
    },
    "sources": {
        "path": "system.source",
        "converter": "source"
    },
    "movement": {
        "path": "system.attributes.movement",
        "converter": "movement"
    },
    "items": {
        "path": "items",
        "converter": "fromPack"
    },
    "senses": {
        "path": "system.attributes.senses",
        "converter": "senses"
    },
    "tokenName": "prototypeToken.name",
    "activities": {
        "path": "system.activities",
        "converter": "activities"
    },
    "effects": {
        "path": "effects",
        "converter": "effects"
    },
    "rangeActivities": {
        "path": "system.activities",
        "converter": "rangeActivities"
    },
    "advancement": {
        "path": "system.advancement",
        "converter": "advancement"
    },
    "distanceAdvancement": {
        "path": "system.advancement",
        "converter": "distanceAdvancement"
    },
    "range": {
        "path": "system.range",
        "converter": "range"
    }
}