{
  "id": "dnd-simplified-chinese-babele-patch",
  "title": "Translation: 中文 [DND5E-Babele]",
  "version": "0.4.120",
  "authors": [
    {
      "name": "诸位汉化者",
      "url": "https://paratranz.cn/projects/13245/leaderboard"
    },
    {
      "name": "Dora"
    }
  ],
  "compatibility": {
    "minimum": "12",
    "verified": "12"
  },
  "esmodules": [
    "scripts/init.js"
  ],
  "manifest": "https://raw.githubusercontent.com/feederze/dnd-simplified-chinese-babele-patch/main/dnd-simplified-chinese-babele-patch/module.json",
  "download": "https://github.com/feederze/dnd-simplified-chinese-babele-patch/raw/main/dnd-simplified-chinese-babele-patch.zip",
  "relationships": {
    "requires": [
      {
        "id": "babele",
        "type": "module",
        "compatibility": {}
      }
    ]
  }
}
